transaction_id,store_id,customer_id,product_id,quantity,unit_price,transaction_date
T003601,S005,C098,P007,2,165000,2026-08-05 14:28:45
T003602,S001,C004,P012,2,12000,2026-08-05 08:40:47
T003603,S002,C037,P007,3,165000,2026-08-05 17:02:36
T003604,S002,C034,P006,1,280000,2026-08-05 10:22:59
T003605,S002,C044,P024,2,40000,2026-08-05 16:51:00
T003606,S005,C032,P028,3,28000,2026-08-05 13:52:41
T003607,S002,C003,P006,3,280000,2026-08-05 11:02:32
T003608,S003,C013,P006,3,280000,2026-08-05 08:19:56
T003609,S002,C049,P001,1,450000,2026-08-05 16:58:27
T003610,S001,C044,P021,3,10000,2026-08-05 09:56:27
T003611,S002,C040,P030,2,50000,2026-08-05 08:34:11
T003612,S002,C048,P015,3,30000,2026-08-05 16:18:52
T003613,S003,C085,P026,2,30000,2026-08-05 11:51:01
T003614,S005,C080,P006,1,280000,2026-08-05 12:16:57
T003615,S004,C092,P029,2,32000,2026-08-05 10:43:03
T003616,S001,C019,P003,2,15000,2026-08-05 17:27:03
T003617,S002,C025,P029,4,32000,2026-08-05 11:16:14
T003618,S005,C049,P007,4,165000,2026-08-05 10:18:43
T003619,S003,C041,P999,4,22000,2026-08-05 11:24:06
T003620,S004,C082,P020,3,180000,2026-08-05 10:14:04
T003621,S001,C098,P008,4,390000,2026-08-05 11:29:39
T003622,S005,C025,P020,4,180000,2026-08-05 08:54:44
T003623,S005,C038,P028,3,28000,2026-08-05 09:44:37
T003624,S002,C042,P026,4,30000,2026-08-05 12:35:15
T003625,S001,C081,P008,3,390000,2026-08-05 17:40:26
T003626,S003,C017,P026,3,30000,2026-08-05 08:37:48
T003627,S005,C075,P028,-2,28000,2026-08-05 10:20:21
T003628,S004,C027,P029,4,32000,2026-08-05 17:59:30
T003629,S001,C061,P024,2,40000,2026-08-05 17:47:24
T003630,S005,C009,P026,1,30000,2026-08-05 15:28:26
T003631,S005,C050,P006,2,280000,2026-08-05 10:38:42
T003632,S005,C048,P025,2,210000,2026-08-05 12:37:04
T003633,S005,C060,P016,2,95000,2026-08-05 10:19:24
T003634,S003,C092,P006,2,280000,2026-08-05 09:24:52
T003635,S005,C089,P012,4,12000,2026-08-05 12:10:47
T003636,S004,C061,P016,1,95000,2026-08-05 14:20:02
T003637,S005,C052,P009,4,45000,2026-08-05 11:57:33
T003638,S005,C084,P021,4,10000,2026-08-05 14:43:08
T003639,S002,C029,P002,3,520000,2026-08-05 11:15:31
T003640,S002,C058,P029,1,32000,2026-08-05 11:48:15
T003641,S002,C051,P028,4,28000,2026-08-05 16:41:50
T003642,S003,C055,P007,4,165000,2026-08-05 17:39:41
T003643,S004,C074,P029,2,32000,2026-08-05 11:32:32
T003644,S003,C033,P999,4,280000,2026-08-05 14:17:12
T003645,S001,C018,P018,2,25000,2026-08-05 11:03:35
T003646,S001,C038,P025,4,210000,2026-08-05 08:35:12
T003647,S005,C046,P015,1,30000,2026-08-05 16:06:59
T003648,S005,C006,P008,1,390000,2026-08-05 09:52:51
T003649,S005,C080,P015,4,30000,2026-08-05 12:40:58
T003650,S004,C058,P011,3,75000,2026-08-05 13:21:27
T003651,S004,C053,P015,1,30000,2026-08-05 10:01:45
T003652,S004,C041,P012,4,12000,2026-08-05 09:02:24
T003653,S004,C004,P009,3,45000,2026-08-05 11:49:41
T003654,S004,C030,P006,2,280000,2026-08-05 18:28:30
T003655,S001,C046,P009,3,45000,2026-08-05 14:45:59
T003656,S001,C038,P029,2,32000,2026-08-05 12:11:43
T003657,S005,C066,P027,3,18000,2026-08-05 08:25:40
T003658,S001,C036,P018,1,25000,2026-08-05 14:36:10
T003659,S002,C013,P030,3,50000,2026-08-05 09:00:53
T003660,S001,C047,P004,4,25000,2026-08-05 13:58:04
T003661,S005,C026,P002,1,520000,2026-08-05 16:16:17
T003662,S002,C087,P011,4,75000,2026-08-05 12:39:33
T003663,S003,C039,P011,2,75000,2026-08-05 11:17:36
T003664,S003,C025,P024,3,40000,2026-08-05 08:31:16
T003665,S005,C018,P023,2,22000,2026-08-05 08:16:21
T003666,S005,C034,P028,1,28000,2026-08-05 12:43:49
T003667,S003,C037,P001,3,450000,2026-08-05 17:43:00
T003668,S003,C052,P027,1,18000,2026-08-05 10:41:04
T003669,S005,C097,P013,2,35000,2026-08-05 14:18:52
T003670,S001,C061,P021,4,10000,2026-08-05 15:31:38
T003671,S005,C098,P021,3,10000,2026-08-05 08:40:08
T003672,S004,C030,P005,1,120000,2026-08-05 09:41:02
T003673,S002,C061,P008,3,390000,2026-08-05 11:38:38
T003674,S005,C076,P008,1,390000,2026-08-05 15:22:15
T003675,S005,C097,P026,4,30000,2026-08-05 12:49:45
T003676,S004,C044,P015,4,30000,2026-08-05 16:04:34
T003677,S001,C041,P026,3,30000,2026-08-05 17:32:36
T003678,S002,C055,P028,1,28000,2026-08-05 16:20:31
T003679,S004,C027,P025,4,210000,2026-08-05 18:54:52
T003680,S999,C072,P015,3,30000,2026-08-05 16:17:52
T003681,S003,C018,P001,4,450000,2026-08-05 17:22:26
T003682,S002,C040,P019,4,55000,2026-08-05 17:09:21
T003683,S001,C064,P024,2,40000,2026-08-05 16:01:58
T003684,S003,C044,P026,2,30000,2026-08-05 16:49:11
T003685,S004,C055,P008,4,390000,2026-08-05 18:16:53
T003686,S004,C098,P022,3,18000,2026-08-05 13:13:38
T003687,S005,C039,P025,1,210000,2026-08-05 15:01:16
T003688,S005,C003,P011,3,75000,2026-08-05 13:39:51
T003689,S001,C018,P019,3,55000,2026-08-05 17:21:41
T003690,S003,C073,P005,-3,120000,2026-08-05 12:44:41
T003691,S005,C078,P021,3,10000,2026-08-05 17:01:01
T003692,S004,C049,P019,4,55000,2026-08-05 16:47:34
T003693,S004,C009,P007,4,165000,2026-08-05 18:34:50
T003694,S004,C025,P018,3,25000,2026-08-05 10:44:17
T003695,S001,C043,P016,3,95000,2026-08-05 15:48:20
T003696,S004,C082,P019,1,55000,2026-08-05 16:19:34
T003697,S003,C012,P029,3,32000,2026-08-05 18:17:56
T003698,S001,C087,P006,1,280000,2026-08-05 17:58:33
T003699,S002,C005,P018,2,25000,2026-08-05 14:18:31
T003700,S005,C063,P027,3,18000,2026-08-05 14:22:14
T003701,S002,C026,P001,4,450000,2026-08-05 09:50:24
T003702,S999,C037,P003,3,15000,2026-08-05 18:43:28
T003703,S002,C038,P007,1,165000,2026-08-05 10:48:18
T003704,S005,C009,P022,2,18000,2026-08-05 15:58:19
T003705,S001,C048,P015,4,30000,2026-08-05 16:45:13
T003706,S001,C022,P017,4,85000,2026-08-05 12:51:12
T003707,S004,C051,P011,3,75000,2026-08-05 10:19:23
T003708,S001,C017,P006,2,280000,2026-08-05 10:04:42
T003709,S004,C062,P018,1,25000,2026-08-05 17:25:17
T003710,S001,C050,P024,4,40000,2026-08-05 13:37:05
T003711,S002,C017,P029,1,32000,2026-08-05 08:59:29
T003712,S002,C040,P028,1,28000,2026-08-05 15:53:13
T003713,S004,C021,P014,1,7000,2026-08-05 10:45:06
T003714,S005,C040,P020,4,180000,2026-08-05 17:38:25
T003715,S002,C065,P019,4,55000,2026-08-05 11:24:19
T003716,S004,C036,P023,3,22000,2026-08-05 10:12:10
T003717,S001,C019,P007,4,165000,2026-08-05 08:56:00
T003718,S001,C052,P015,3,30000,2026-08-05 13:37:36
T003719,S002,C068,P020,4,180000,2026-08-05 12:57:29
T003720,S005,C063,P011,1,75000,2026-08-05 16:15:51
T003721,S004,C074,P015,3,30000,2026-08-05 13:06:38
T003722,S001,C037,P002,2,520000,2026-08-05 11:46:55
T003723,S004,C045,P021,2,10000,2026-08-05 10:52:41
T003724,S003,C051,P023,2,22000,2026-08-05 11:03:34
T003725,S002,C054,P020,1,180000,2026-08-05 18:12:22
T003726,S002,C080,P008,1,390000,2026-08-05 09:48:57
T003727,S004,C059,P024,-1,40000,2026-08-05 18:52:11
T003728,S002,C090,P013,2,35000,2026-08-05 11:35:46
T003729,S001,C051,P019,2,55000,2026-08-05 08:58:20
T003730,S001,C031,P023,2,22000,2026-08-05 10:44:08
T003731,S002,C036,P029,4,32000,2026-08-05 08:38:33
T003732,S005,C038,P029,2,32000,2026-08-05 16:41:25
T003733,S001,C090,P022,4,18000,2026-08-05 13:38:17
T003734,S002,C064,P024,1,40000,2026-08-05 11:42:24
T003735,S005,C016,P014,1,7000,2026-08-05 15:16:57
T003736,S001,C097,P012,2,12000,2026-08-05 14:56:13
T003737,S005,C099,P004,3,25000,2026-08-05 18:20:18
T003738,S003,C053,P025,2,210000,2026-08-05 18:34:25
T003739,S002,C033,P015,2,30000,2026-08-05 15:29:15
T003740,S005,C006,P007,3,165000,2026-08-05 16:59:45
T003741,S001,C010,P015,2,30000,2026-08-05 16:43:00
T003742,S004,C049,P021,2,10000,2026-08-05 13:24:15
T003743,S004,C025,P011,2,75000,2026-08-05 15:44:56
T003744,S001,C002,P013,3,35000,2026-08-05 08:51:39
T003745,S001,C091,P009,4,45000,2026-08-05 16:20:17
T003746,S002,C042,P030,1,50000,2026-08-05 18:34:48
T003747,S004,C063,P022,3,18000,2026-08-05 08:56:05
T003748,S001,C011,P015,2,30000,2026-08-05 17:11:50
T003749,S002,C092,P018,2,25000,2026-08-05 18:15:46
T003750,S002,C061,P015,2,30000,2026-08-05 10:29:17
T003751,S003,C021,P027,2,18000,2026-08-05 13:46:22
T003752,S001,C078,P006,3,280000,2026-08-05 18:12:23
T003753,S002,C038,P004,1,25000,2026-08-05 18:33:44
T003754,S005,C095,P004,3,25000,2026-08-05 09:24:24
T003755,S002,C010,P013,4,35000,2026-08-05 11:50:20
T003756,S001,C087,P022,3,18000,2026-08-05 15:40:46
T003757,S002,C057,P009,1,45000,2026-08-05 10:26:13
T003758,S002,C028,P012,3,12000,2026-08-05 11:34:20
T003759,S001,C087,P023,1,22000,2026-08-05 08:15:22
T003760,S002,C057,P018,4,25000,2026-08-05 09:41:19
T003761,S001,C082,P023,1,22000,2026-08-05 14:11:08
T003762,S005,C083,P026,1,30000,2026-08-05 15:11:02
T003763,S001,C050,P022,3,18000,2026-08-05 15:08:16
T003764,S003,C057,P023,2,22000,2026-08-05 16:33:43
T003765,S005,C001,P002,3,520000,2026-08-05 12:34:05
T003766,S004,C099,P002,1,520000,2026-08-05 11:00:30
T003767,S002,C048,P007,1,165000,2026-08-05 08:10:16
T003768,S002,C026,P030,2,50000,2026-08-05 10:16:22
T003769,S001,C054,P003,-3,15000,2026-08-05 11:26:10
T003770,S001,C044,P001,3,450000,2026-08-05 09:57:36
T003771,S002,C088,P027,2,18000,2026-08-05 08:13:17
T003772,S001,C029,P022,1,18000,2026-08-05 09:43:54
T003773,S001,C086,P029,2,32000,2026-08-05 15:19:37
T003774,S002,C006,P006,4,280000,2026-08-05 14:55:31
T003775,S005,C014,P014,3,7000,2026-08-05 18:17:33
T003776,S003,C042,P027,2,18000,2026-08-05 16:46:47
T003777,S002,C080,P018,4,25000,2026-08-05 14:14:43
T003778,S005,C051,P007,4,165000,2026-08-05 09:30:47
T003779,S001,C030,P014,4,7000,2026-08-05 14:12:17
T003780,S001,C046,P007,1,165000,2026-08-05 08:40:39
T003781,S002,C002,P011,3,75000,2026-08-05 12:44:23
T003782,S003,C002,P013,2,35000,2026-08-05 12:17:34
T003783,S002,C059,P013,4,35000,2026-08-05 12:42:21
T003784,S001,C085,P008,1,390000,2026-08-05 11:04:41
T003785,S003,C084,P027,1,18000,2026-08-05 15:32:38
T003786,S003,C006,P020,4,180000,2026-08-05 17:15:01
T003787,S002,C053,P003,3,15000,2026-08-05 16:27:13
T003788,S005,C064,P010,2,8000,2026-08-05 14:54:18
T003789,S005,C073,P004,1,25000,2026-08-05 13:55:18
T003790,S003,C013,P006,3,280000,2026-08-05 08:20:30
T003791,S003,C081,P020,3,180000,2026-08-05 15:57:08
T003792,S004,C087,P023,2,22000,2026-08-05 13:59:41
T003793,S002,C043,P030,2,50000,2026-08-05 10:58:41
T003794,S003,C086,P006,1,280000,2026-08-05 11:36:22
T003795,S001,C043,P016,4,95000,2026-08-05 18:17:30
T003796,S005,C075,P001,3,450000,2026-08-05 14:52:04
T003797,S004,C066,P015,3,30000,2026-08-05 13:14:06
T003798,S002,C065,P021,2,10000,2026-08-05 14:49:48
T003799,S001,C030,P019,4,55000,2026-08-05 12:33:04
T003800,S005,C098,P001,3,450000,2026-08-05 13:10:19
T003801,S001,C040,P029,2,32000,2026-08-05 11:11:36
T003802,S004,C097,P008,1,390000,2026-08-05 12:50:18
T003803,S005,C011,P008,3,390000,2026-08-05 15:32:29
T003804,S002,C048,P002,4,520000,2026-08-05 08:26:21
T003805,S003,C026,P016,4,95000,2026-08-05 16:44:43
T003806,S004,C027,P005,2,120000,2026-08-05 11:06:45
T003807,S001,C031,P021,2,10000,2026-08-05 15:30:29
T003808,S005,C057,P030,4,50000,2026-08-05 15:04:11
T003809,S003,C018,P024,3,40000,2026-08-05 15:10:44
T003810,S003,C083,P009,1,45000,2026-08-05 14:41:21
T003811,S001,C067,P026,1,30000,2026-08-05 18:33:00
T003812,S004,C083,P026,4,30000,2026-08-05 13:35:30
T003813,S003,C097,P027,2,18000,2026-08-05 16:03:19
T003814,S002,C094,P001,3,450000,2026-08-05 15:45:35
T003815,S003,C032,P011,3,75000,2026-08-05 10:35:56
T003816,S005,C007,P007,1,165000,2026-08-05 11:06:58
T003817,S002,C088,P030,3,50000,2026-08-05 12:39:51
T003818,S002,C078,P023,3,22000,2026-08-05 11:03:16
T003819,S004,C067,P028,4,28000,2026-08-05 12:02:03
T003820,S002,C057,P011,4,75000,2026-08-05 12:18:02
T003821,S001,C009,P021,2,10000,2026-08-05 14:38:33
T003822,S004,C009,P028,2,28000,2026-08-05 10:25:07
T003823,S001,C082,P007,2,165000,2026-08-05 16:50:49
T003824,S002,C017,P005,1,120000,2026-08-05 12:48:46
T003825,S002,C076,P003,3,15000,2026-08-05 15:46:07
T003826,S002,C031,P018,2,25000,2026-08-05 08:53:45
T003827,S001,C055,P017,1,85000,2026-08-05 13:10:10
T003828,S004,C040,P024,4,40000,2026-08-05 08:18:37
T003829,S002,C032,P006,4,280000,2026-08-05 15:26:06
T003830,S002,C078,P014,1,7000,2026-08-05 11:46:50
T003831,S003,C037,P008,1,390000,2026-08-05 18:26:30
T003832,S004,C082,P019,3,55000,2026-08-05 11:33:55
T003833,S003,C062,P007,2,165000,2026-08-05 14:12:06
T003834,S003,C051,P003,1,15000,2026-08-05 10:49:52
T003835,S002,C061,P013,1,35000,2026-08-05 14:49:16
T003836,S004,C065,P015,3,30000,2026-08-05 13:08:14
T003837,S004,C098,P020,1,180000,2026-08-05 12:04:36
T003838,S004,C003,P005,4,120000,2026-08-05 10:14:26
T003839,S004,C055,P025,1,210000,2026-08-05 09:13:36
T003840,S001,C098,P028,4,28000,2026-08-05 09:19:07
T003841,S003,C077,P030,3,50000,2026-08-05 18:59:21
T003842,S002,C071,P018,3,25000,2026-08-05 12:32:07
T003843,S002,C033,P024,1,40000,2026-08-05 08:01:16
T003844,S004,C040,P013,1,35000,2026-08-05 18:28:55
T003845,S003,C049,P015,1,30000,2026-08-05 08:13:11
T003846,S005,C062,P018,4,25000,2026-08-05 12:36:16
T003847,S003,C018,P003,2,15000,2026-08-05 15:53:32
T003848,S004,C026,P023,3,22000,2026-08-05 18:03:38
T003849,S002,C001,P005,2,120000,2026-08-05 15:50:30
T003850,S005,C094,P001,4,450000,2026-08-05 13:05:59
T003851,S003,C063,P024,2,40000,2026-08-05 18:43:07
T003852,S004,C051,P013,1,35000,2026-08-05 08:25:57
T003853,S003,C050,P024,3,40000,2026-08-05 18:51:20
T003854,S003,C083,P016,1,95000,2026-08-05 17:20:35
T003855,S001,C053,P019,4,55000,2026-08-05 18:13:05
T003856,S001,C016,P029,2,32000,2026-08-05 10:48:08
T003857,S005,C021,P013,3,35000,2026-08-05 09:34:01
T003858,S004,C033,P007,4,165000,2026-08-05 15:17:47
T003859,S003,C066,P025,2,210000,2026-08-05 13:40:28
T003860,S004,C082,P023,3,22000,2026-08-05 13:45:17
T003861,S003,C090,P023,4,22000,2026-08-05 18:10:14
T003862,S004,C055,P002,4,520000,2026-08-05 14:49:15
T003863,S002,C032,P024,3,40000,2026-08-05 11:25:18
T003864,S001,C047,P016,1,95000,2026-08-05 12:24:02
T003865,S001,C090,P021,4,10000,2026-08-05 09:28:06
T003866,S002,C034,P022,3,18000,2026-08-05 10:06:55
T003867,S004,C088,P020,2,180000,2026-08-05 09:34:36
T003868,S003,C032,P005,3,120000,2026-08-05 16:54:47
T003869,S005,C085,P020,4,180000,2026-08-05 15:45:12
T003870,S002,C002,P027,1,18000,2026-08-05 13:50:01
T003871,S001,C083,P004,1,25000,2026-08-05 12:07:04
T003872,S004,C051,P023,3,22000,2026-08-05 15:21:12
T003873,S005,C011,P023,1,22000,2026-08-05 16:56:31
T003874,S002,C055,P017,2,85000,2026-08-05 17:41:36
T003875,S004,C033,P006,3,280000,2026-08-05 14:01:01
T003876,S003,C065,P023,3,22000,2026-08-05 17:01:07
T003877,S004,C076,P018,1,25000,2026-08-05 13:37:27
T003878,S004,C097,P010,1,8000,2026-08-05 13:13:11
T003879,S001,C014,P029,4,32000,2026-08-05 17:31:11
T003880,S005,C100,P021,2,10000,2026-08-05 12:15:00
T003881,S003,C019,P026,3,30000,2026-08-05 12:21:18
T003882,S002,C096,P009,1,45000,2026-08-05 11:21:14
T003883,S003,C001,P013,2,35000,2026-08-05 13:42:20
T003884,S004,C001,P006,4,280000,2026-08-05 13:59:36
T003885,S001,C100,P004,2,25000,2026-08-05 15:15:54
T003886,S004,C068,P023,4,22000,2026-08-05 12:44:07
T003887,S003,C094,P014,2,7000,2026-08-05 10:23:46
T003888,S002,C023,P014,4,7000,2026-08-05 17:32:06
T003889,S002,C091,P012,1,12000,2026-08-05 11:48:21
T003890,S002,C063,P005,2,120000,2026-08-05 18:09:08
T003891,S005,C015,P006,1,280000,2026-08-05 10:16:51
T003892,S005,C028,P015,2,30000,2026-08-05 14:09:38
T003893,S002,C008,P006,1,280000,2026-08-05 13:54:09
T003894,S002,C098,P024,3,40000,2026-08-05 17:06:54
T003895,S003,C053,P007,1,165000,2026-08-05 09:31:38
T003896,S005,C014,P015,1,30000,2026-08-05 18:00:33
T003897,S002,C011,P028,3,28000,2026-08-05 13:50:44
T003898,S001,C049,P010,4,8000,2026-08-05 14:26:49
T003899,S003,C009,P004,1,25000,2026-08-05 13:36:42
T003900,S001,C075,P011,3,75000,2026-08-05 08:23:46
T003901,S004,C063,P008,3,390000,2026-08-05 13:28:04
T003902,S001,C002,P022,1,18000,2026-08-05 10:53:56
T003903,S003,C097,P002,2,520000,2026-08-05 11:46:10
T003904,S005,C006,P001,2,450000,2026-08-05 15:08:24
T003905,S002,C067,P004,2,25000,2026-08-05 13:28:28
T003906,S001,C049,P026,4,30000,2026-08-05 09:01:31
T003907,S005,C098,P020,2,180000,2026-08-05 08:48:12
T003908,S004,C061,P009,4,45000,2026-08-05 10:02:32
T003909,S003,C078,P025,4,210000,2026-08-05 10:05:59
T003910,S003,C048,P014,2,7000,2026-08-05 14:41:28
T003911,S003,C041,P022,4,18000,2026-08-05 09:57:21
T003912,S002,C047,P027,1,18000,2026-08-05 17:41:56
T003913,S004,C049,P022,2,18000,2026-08-05 10:18:26
T003914,S001,C046,P020,3,180000,2026-08-05 09:00:08
T003915,S003,C013,P028,4,28000,2026-08-05 17:37:59
T003916,S004,C090,P001,4,450000,2026-08-05 11:14:54
T003917,S002,C004,P013,1,35000,2026-08-05 12:40:46
T003918,S001,C068,P020,2,180000,2026-08-05 18:32:57
T003919,S002,C048,P009,3,45000,2026-08-05 18:23:17
T003920,S005,C088,P015,4,30000,2026-08-05 15:51:50
T003921,S004,C066,P022,1,18000,2026-08-05 08:45:29
T003922,S002,C001,P014,1,7000,2026-08-05 14:31:36
T003923,S003,C003,P021,1,10000,2026-08-05 18:52:47
T003924,S003,C006,P021,1,10000,2026-08-05 18:24:57
T003925,S003,C087,P026,3,30000,2026-08-05 09:09:57
T003926,S002,C078,P015,1,30000,2026-08-05 12:21:20
T003927,S004,C095,P016,2,95000,2026-08-05 11:28:15
T003928,S001,C045,P999,3,180000,2026-08-05 09:25:37
T003929,S004,C085,P014,1,7000,2026-08-05 15:38:34
T003930,S001,C094,P028,4,28000,2026-08-05 11:00:44
T003931,S003,C078,P013,4,35000,2026-08-05 11:47:36
T003932,S002,C067,P007,2,165000,2026-08-05 08:59:38
T003933,S005,C092,P029,2,32000,2026-08-05 13:28:39
T003934,S001,C017,P017,3,85000,2026-08-05 09:44:23
T003935,S001,C039,P016,1,95000,2026-08-05 12:45:10
T003936,S005,C060,P027,1,18000,2026-08-05 09:34:36
T003937,S004,C015,P006,3,280000,2026-08-05 18:29:32
T003938,S005,C031,P016,3,95000,2026-08-05 09:35:41
T003939,S002,C022,P008,4,390000,2026-08-05 13:44:26
T003940,S001,C014,P025,3,210000,2026-08-05 10:10:00
T003941,S001,C021,P014,3,7000,2026-08-05 08:50:23
T003942,S003,C050,P030,3,50000,2026-08-05 10:13:31
T003943,S003,C029,P025,4,210000,2026-08-05 08:36:09
T003944,S003,C086,P024,3,40000,2026-08-05 09:32:00
T003945,S001,C086,P016,3,95000,2026-08-05 13:25:41
T003946,S005,C082,P005,4,120000,2026-08-05 15:10:11
T003947,S004,C012,P024,2,40000,2026-08-05 08:57:38
T003948,S003,C029,P026,3,30000,2026-08-05 12:51:04
T003949,S005,C099,P030,1,50000,2026-08-05 14:23:37
T003950,S005,C009,P030,1,50000,2026-08-05 10:34:35
T003951,S003,C049,P021,1,10000,2026-08-05 12:05:34
T003952,S004,C084,P030,1,50000,2026-08-05 08:47:24
T003953,S005,C056,P021,2,10000,2026-08-05 10:25:17
T003954,S002,C029,P026,1,30000,2026-08-05 13:08:03
T003955,S001,C038,P009,1,45000,2026-08-05 18:53:41
T003956,S001,C012,P003,2,15000,2026-08-05 18:57:32
T003957,S005,C025,P011,4,75000,2026-08-05 18:46:33
T003958,S001,C074,P024,3,40000,2026-08-05 12:39:14
T003959,S002,C041,P012,3,12000,2026-08-05 08:53:14
T003960,S005,C095,P013,4,35000,2026-08-05 11:33:33
T003961,S003,C008,P001,1,450000,2026-08-05 10:36:53
T003962,S005,C025,P019,1,55000,2026-08-05 08:09:19
T003963,S004,C055,P028,3,28000,2026-08-05 09:02:51
T003964,S003,C087,P011,4,75000,2026-08-05 12:59:06
T003965,S002,C067,P030,3,50000,2026-08-05 11:44:10
T003966,S005,C076,P022,1,18000,2026-08-05 09:59:02
T003967,S001,C051,P008,3,390000,2026-08-05 15:52:37
T003968,S005,C059,P001,2,450000,2026-08-05 11:55:41
T003969,S002,C038,P011,4,75000,2026-08-05 17:22:13
T003970,S002,C064,P027,2,18000,2026-08-05 10:39:02
T003971,S004,C019,P022,2,18000,2026-08-05 13:55:20
T003972,S003,C019,P020,-2,180000,2026-08-05 10:01:31
T003973,S001,C077,P999,1,40000,2026-08-05 13:26:53
T003974,S003,C065,P011,4,75000,2026-08-05 09:40:37
T003975,S001,C036,P023,2,22000,2026-08-05 09:46:38
T003976,S005,C062,P028,1,28000,2026-08-05 14:44:04
T003977,S002,C064,P021,2,10000,2026-08-05 10:54:05
T003978,S004,C008,P010,4,8000,2026-08-05 09:53:45
T003979,S003,C020,P026,1,30000,2026-08-05 18:13:38
T003980,S002,C094,P027,3,18000,2026-08-05 08:28:22
T003981,S002,C090,P030,2,50000,2026-08-05 14:12:59
T003982,S001,C100,P024,2,40000,2026-08-05 14:01:51
T003983,S004,C094,P006,3,280000,2026-08-05 10:45:24
T003984,S003,C085,P013,4,35000,2026-08-05 12:58:49
T003985,S002,C003,P030,4,50000,2026-08-05 08:57:54
T003986,S004,C044,P018,2,25000,2026-08-05 15:56:02
T003987,S004,C045,P014,4,7000,2026-08-05 10:26:19
T003988,S004,C051,P025,4,210000,2026-08-05 10:07:38
T003989,S005,C094,P003,2,15000,2026-08-05 11:27:49
T003990,S003,C090,P010,2,8000,2026-08-05 17:55:33
T003991,S002,C090,P030,3,50000,2026-08-05 16:45:40
T003992,S005,C051,P028,2,28000,2026-08-05 18:24:56
T003993,S002,C042,P004,2,25000,2026-08-05 15:10:17
T003994,S005,C007,P025,3,210000,2026-08-05 15:17:31
T003995,S003,C059,P028,3,28000,2026-08-05 13:16:49
T003996,S002,C074,P021,3,10000,2026-08-05 17:57:25
T003997,S004,C090,P005,2,120000,2026-08-05 13:37:10
T003998,S003,C019,P016,1,95000,2026-08-05 11:54:20
T003999,S002,C096,P007,4,165000,2026-08-05 15:02:38
T004000,S001,C047,P007,1,165000,2026-08-05 14:00:27
T004001,S005,C014,P024,4,40000,2026-08-05 09:21:51
T004002,S002,C049,P022,1,18000,2026-08-05 12:19:11
T004003,S002,C008,P014,3,7000,2026-08-05 11:26:47
T004004,S003,C061,P004,4,25000,2026-08-05 17:18:54
T004005,S001,C016,P006,3,280000,2026-08-05 12:10:02
T004006,S003,C076,P017,1,85000,2026-08-05 17:02:13
T004007,S002,C081,P014,4,7000,2026-08-05 12:51:58
T004008,S004,C032,P024,3,40000,2026-08-05 16:17:18
T004009,S001,C031,P002,3,520000,2026-08-05 09:29:17
T004010,S004,C039,P013,3,35000,2026-08-05 18:10:16
T004011,S005,C023,P023,4,22000,2026-08-05 13:17:10
T004012,S004,C100,P021,3,10000,2026-08-05 10:51:28
T004013,S001,C100,P023,3,22000,2026-08-05 10:39:22
T004014,S004,C036,P015,2,30000,2026-08-05 10:54:57
T004015,S004,C048,P021,2,10000,2026-08-05 12:02:02
T004016,S001,C015,P001,1,450000,2026-08-05 15:53:33
T004017,S001,C063,P003,2,15000,2026-08-05 18:26:44
T004018,S005,C029,P021,1,10000,2026-08-05 15:21:33
T004019,S005,C074,P001,1,450000,2026-08-05 14:01:07
T004020,S004,C036,P019,2,55000,2026-08-05 12:56:04
T004021,S001,C076,P023,3,22000,2026-08-05 17:06:36
T004022,S004,C062,P006,2,280000,2026-08-05 17:20:46
T004023,S004,C039,P021,1,10000,2026-08-05 11:13:24
T004024,S002,C013,P019,2,55000,2026-08-05 18:29:15
T004025,S001,C092,P011,1,75000,2026-08-05 12:20:46
T004026,S005,C024,P030,2,50000,2026-08-05 16:48:03
T004027,S001,C051,P013,2,35000,2026-08-05 18:38:06
T004028,S005,C068,P018,3,25000,2026-08-05 15:44:24
T004029,S001,C067,P016,4,95000,2026-08-05 09:46:37
T004030,S005,C069,P027,2,18000,2026-08-05 14:26:51
T004031,S001,C097,P023,1,22000,2026-08-05 09:18:23
T004032,S002,C085,P025,1,210000,2026-08-05 16:40:50
T004033,S001,C024,P029,3,32000,2026-08-05 11:05:40
T004034,S005,C089,P028,3,28000,2026-08-05 15:38:50
T004035,S001,C072,P006,4,280000,2026-08-05 18:00:39
T004036,S003,C016,P015,4,30000,2026-08-05 09:59:27
T004037,S002,C074,P002,4,520000,2026-08-05 12:19:17
T004038,S002,C012,P007,2,165000,2026-08-05 15:07:05
T004039,S003,C097,P018,3,25000,2026-08-05 12:36:58
T004040,S001,C016,P002,4,520000,2026-08-05 09:55:22
T004041,S003,C047,P017,1,85000,2026-08-05 08:19:11
T004042,S002,C055,P018,4,25000,2026-08-05 12:28:21
T004043,S001,C032,P022,2,18000,2026-08-05 15:08:28
T004044,S001,C067,P999,2,8000,2026-08-05 14:18:49
T004045,S003,C085,P029,-1,32000,2026-08-05 09:43:07
T004046,S004,C018,P018,4,25000,2026-08-05 12:57:27
T004047,S004,C089,P019,1,55000,2026-08-05 12:03:51
T004048,S005,C046,P011,2,75000,2026-08-05 11:00:58
T004049,S005,C066,P020,2,180000,2026-08-05 16:01:19
T004050,S001,C085,P007,1,165000,2026-08-05 11:24:22
T004051,S001,C031,P027,2,18000,2026-08-05 13:56:29
T004052,S002,C019,P002,4,520000,2026-08-05 18:09:19
T004053,S002,C018,P010,2,8000,2026-08-05 13:55:55
T004054,S005,C028,P020,1,180000,2026-08-05 14:47:14
T004055,S003,C036,P019,1,55000,2026-08-05 08:48:20
T004056,S005,C055,P005,3,120000,2026-08-05 09:57:34
T004057,S005,C033,P003,2,15000,2026-08-05 09:06:37
T004058,S004,C084,P009,3,45000,2026-08-05 16:24:46
T004059,S002,C052,P029,3,32000,2026-08-05 17:11:42
T004060,S001,C033,P015,2,30000,2026-08-05 10:03:03
T004061,S004,C089,P022,1,18000,2026-08-05 10:24:43
T004062,S005,C027,P005,1,120000,2026-08-05 11:33:19
T004063,S003,C082,P003,1,15000,2026-08-05 14:30:06
T004064,S002,C092,P023,1,22000,2026-08-05 14:50:23
T004065,S005,C085,P012,2,12000,2026-08-05 15:33:15
T004066,S005,C078,P021,3,10000,2026-08-05 17:57:25
T004067,S004,C020,P006,2,280000,2026-08-05 11:14:43
T004068,S004,C049,P011,3,75000,2026-08-05 15:14:46
T004069,S005,C032,P001,2,450000,2026-08-05 14:09:25
T004070,S003,C016,P003,2,15000,2026-08-05 11:21:51
T004071,S001,C088,P018,2,25000,2026-08-05 17:58:53
T004072,S004,C009,P018,3,25000,2026-08-05 09:03:01
T004073,S001,C047,P011,4,75000,2026-08-05 15:49:55
T004074,S003,C100,P030,1,50000,2026-08-05 16:00:23
T004075,S002,C029,P009,3,45000,2026-08-05 18:04:06
T004076,S001,C013,P009,2,45000,2026-08-05 13:42:15
T004077,S002,C049,P013,2,35000,2026-08-05 11:32:16
T004078,S001,C023,P004,3,25000,2026-08-05 17:06:18
T004079,S003,C076,P017,4,85000,2026-08-05 16:28:44
T004080,S004,C013,P027,3,18000,2026-08-05 13:30:12
T004081,S003,C090,P017,2,85000,2026-08-05 16:26:47
T004082,S003,C071,P019,2,55000,2026-08-05 10:56:47
T004083,S005,C013,P009,4,45000,2026-08-05 14:29:04
T004084,S001,C022,P029,2,32000,2026-08-05 17:31:01
T004085,S004,C024,P011,4,75000,2026-08-05 11:29:52
T004086,S005,C071,P012,3,12000,2026-08-05 13:19:08
T004087,S004,C062,P020,3,180000,2026-08-05 18:27:41
T004088,S002,C034,P019,3,55000,2026-08-05 16:46:49
T004089,S005,C092,P001,3,450000,2026-08-05 17:45:26
T004090,S002,C019,P005,2,120000,2026-08-05 12:14:15
T004091,S005,C095,P013,2,35000,2026-08-05 18:57:41
T004092,S001,C093,P009,3,45000,2026-08-05 09:40:41
T004093,S003,C091,P021,1,10000,2026-08-05 13:42:23
T004094,S002,C087,P025,4,210000,2026-08-05 13:16:19
T004095,S004,C091,P020,3,180000,2026-08-05 16:46:57
T004096,S002,C057,P015,3,30000,2026-08-05 17:59:41
T004097,S004,C065,P012,3,12000,2026-08-05 16:02:33
T004098,S003,C055,P010,4,8000,2026-08-05 14:53:41
T004099,S002,C040,P017,1,85000,2026-08-05 12:42:06
T004100,S001,C040,P021,1,10000,2026-08-05 13:36:48
T004101,S003,C012,P014,1,7000,2026-08-05 13:36:08
T004102,S001,C010,P021,2,10000,2026-08-05 08:13:26
T004103,S002,C012,P024,1,40000,2026-08-05 13:32:00
T004104,S005,C008,P006,1,280000,2026-08-05 17:24:56
T004105,S003,C071,P003,4,15000,2026-08-05 15:48:07
T004106,S004,C002,P030,1,50000,2026-08-05 16:45:10
T004107,S005,C094,P014,3,7000,2026-08-05 12:17:43
T004108,S004,C064,P005,1,120000,2026-08-05 13:49:07
T004109,S005,C090,P017,4,85000,2026-08-05 08:22:05
T004110,S004,C002,P004,1,25000,2026-08-05 12:12:46
T004111,S002,C096,P020,3,180000,2026-08-05 13:13:06
T004112,S004,C090,P001,2,450000,2026-08-05 10:48:26
T004113,S003,C032,P018,1,25000,2026-08-05 08:20:37
T004114,S005,C088,P024,1,40000,2026-08-05 15:35:40
T004115,S001,C078,P020,4,180000,2026-08-05 12:47:09
T004116,S002,C087,P015,1,30000,2026-08-05 12:34:20
T004117,S005,C029,P030,4,50000,2026-08-05 10:44:59
T004118,S001,C047,P006,2,280000,2026-08-05 13:54:58
T004119,S002,C066,P027,2,18000,2026-08-05 12:49:05
T004120,S001,C055,P012,2,12000,2026-08-05 13:12:49
T004121,S004,C022,P016,3,95000,2026-08-05 14:23:22
T004122,S001,C044,P012,1,12000,2026-08-05 08:04:10
T004123,S002,C070,P030,2,50000,2026-08-05 17:59:04
T004124,S001,C038,P028,1,28000,2026-08-05 08:46:55
T004125,S004,C038,P010,3,8000,2026-08-05 12:57:36
T004126,S002,C001,P009,1,45000,2026-08-05 10:16:51
T004127,S005,C051,P024,3,40000,2026-08-05 13:45:41
T004128,S003,C083,P007,3,165000,2026-08-05 11:04:57
T004129,S001,C060,P017,3,85000,2026-08-05 17:27:36
T004130,S005,C063,P029,2,32000,2026-08-05 12:21:35
T004131,S003,C001,P002,1,520000,2026-08-05 15:01:34
T004132,S004,C043,P020,1,180000,2026-08-05 10:44:15
T004133,S003,C014,P010,3,8000,2026-08-05 08:12:48
T004134,S003,C093,P001,4,450000,2026-08-05 12:26:44
T004135,S004,C046,P006,2,280000,2026-08-05 13:54:04
T004136,S001,C056,P001,3,450000,2026-08-05 13:03:18
T004137,S002,C011,P016,4,95000,2026-08-05 18:34:55
T004138,S005,C020,P017,1,85000,2026-08-05 15:46:30
T004139,S001,C063,P014,2,7000,2026-08-05 18:57:08
T004140,S002,C099,P001,2,450000,2026-08-05 11:14:44
T004141,S003,C029,P022,3,18000,2026-08-05 16:40:46
T004142,S004,C048,P016,1,95000,2026-08-05 14:06:40
T004143,S003,C055,P010,2,8000,2026-08-05 14:43:45
T004144,S002,C069,P029,3,32000,2026-08-05 18:50:39
T004145,S003,C014,P026,4,30000,2026-08-05 15:11:37
T004146,S004,C021,P015,3,30000,2026-08-05 17:53:13
T004147,S003,C096,P005,1,120000,2026-08-05 15:58:59
T004148,S001,C046,P014,4,7000,2026-08-05 09:24:04
T004149,S002,C015,P029,4,32000,2026-08-05 15:41:37
T004150,S003,C006,P007,2,165000,2026-08-05 13:19:38
T004151,S004,C054,P005,2,120000,2026-08-05 18:06:24
T004152,S003,C005,P024,4,40000,2026-08-05 16:52:30
T004153,S002,C062,P006,3,280000,2026-08-05 09:08:43
T004154,S003,C016,P022,4,18000,2026-08-05 09:28:23
T004155,S004,C071,P014,1,7000,2026-08-05 08:45:56
T004156,S002,C042,P016,4,95000,2026-08-05 13:25:32
T004157,S004,C065,P025,1,210000,2026-08-05 08:53:18
T004158,S004,C017,P024,2,40000,2026-08-05 15:57:37
T004159,S001,C003,P004,4,25000,2026-08-05 14:04:33
T004160,S002,C045,P005,3,120000,2026-08-05 17:11:41
T004161,S001,C099,P017,4,85000,2026-08-05 11:04:39
T004162,S002,C007,P022,4,18000,2026-08-05 13:42:37
T004163,S003,C055,P022,4,18000,2026-08-05 09:17:32
T004164,S001,C056,P020,1,180000,2026-08-05 17:43:50
T004165,S003,C037,P016,3,95000,2026-08-05 09:55:30
T004166,S001,C098,P016,4,95000,2026-08-05 09:07:33
T004167,S002,C080,P014,3,7000,2026-08-05 10:15:20
T004168,S005,C024,P005,1,120000,2026-08-05 16:52:06
T004169,S003,C099,P008,4,390000,2026-08-05 09:09:50
T004170,S003,C090,P004,1,25000,2026-08-05 14:45:31
T004171,S004,C026,P008,1,390000,2026-08-05 16:12:28
T004172,S001,C090,P016,4,95000,2026-08-05 16:15:42
T004173,S005,C079,P024,1,40000,2026-08-05 10:05:26
T004174,S002,C076,P006,3,280000,2026-08-05 08:40:40
T004175,S002,C030,P021,3,10000,2026-08-05 12:56:12
T004176,S002,C052,P004,3,25000,2026-08-05 10:13:38
T004177,S003,C025,P002,4,520000,2026-08-05 15:41:31
T004178,S002,C055,P030,1,50000,2026-08-05 11:55:25
T004179,S005,C026,P001,1,450000,2026-08-05 12:56:34
T004180,S001,C049,P003,2,15000,2026-08-05 09:14:54
T004181,S005,C040,P014,3,7000,2026-08-05 14:14:34
T004182,S002,C029,P023,1,22000,2026-08-05 10:02:26
T004183,S004,C062,P011,1,75000,2026-08-05 15:28:07
T004184,S005,C055,P002,2,520000,2026-08-05 08:46:58
T004185,S001,C039,P021,1,10000,2026-08-05 18:44:05
T004186,S003,C047,P004,2,25000,2026-08-05 15:31:47
T004187,S003,C092,P009,2,45000,2026-08-05 09:59:56
T004188,S002,C041,P014,2,7000,2026-08-05 08:09:18
T004189,S001,C024,P029,3,32000,2026-08-05 11:40:44
T004190,S001,C007,P002,2,520000,2026-08-05 09:40:51
T004191,S003,C028,P022,4,18000,2026-08-05 10:24:09
T004192,S999,C036,P010,3,8000,2026-08-05 17:36:00
T004193,S005,C013,P030,3,50000,2026-08-05 14:38:06
T004194,S002,C033,P014,4,7000,2026-08-05 09:56:27
T004195,S003,C043,P016,4,95000,2026-08-05 14:07:23
T004196,S001,C013,P010,2,8000,2026-08-05 10:48:48
T004197,S001,C088,P022,3,18000,2026-08-05 18:44:17
T004198,S002,C043,P018,3,25000,2026-08-05 08:21:37
T004199,S003,C096,P012,2,12000,2026-08-05 16:03:19
T004200,S005,C068,P025,2,210000,2026-08-05 16:30:10
T004201,S003,C031,P020,3,180000,2026-08-05 08:44:19
T004202,S003,C027,P021,3,10000,2026-08-05 09:53:26
T004203,S004,C012,P019,2,55000,2026-08-05 12:13:38
T004204,S001,C017,P029,4,32000,2026-08-05 17:32:58
T004205,S005,C016,P021,2,10000,2026-08-05 13:54:25
T004206,S005,C084,P002,3,520000,2026-08-05 15:12:30
T004207,S002,C025,P027,3,18000,2026-08-05 16:36:47
T004208,S004,C013,P023,4,22000,2026-08-05 17:06:33
T004209,S005,C080,P003,1,15000,2026-08-05 13:14:20
T004210,S003,C093,P011,2,75000,2026-08-05 13:35:48
T004211,S002,C069,P016,3,95000,2026-08-05 15:53:53
T004212,S002,C006,P024,2,40000,2026-08-05 10:53:48
T004213,S002,C054,P005,2,120000,2026-08-05 17:23:57
T004214,S003,C098,P018,2,25000,2026-08-05 08:13:43
T004215,S005,C045,P028,4,28000,2026-08-05 10:09:12
T004216,S003,C058,P029,3,32000,2026-08-05 16:48:07
T004217,S001,C056,P021,2,10000,2026-08-05 11:44:34
T004218,S004,C054,P003,2,15000,2026-08-05 09:38:53
T004219,S005,C003,P017,1,85000,2026-08-05 10:03:15
T004220,S005,C036,P006,2,280000,2026-08-05 13:50:17
T004221,S002,C038,P023,1,22000,2026-08-05 17:18:28
T004222,S005,C008,P002,3,520000,2026-08-05 08:46:37
T004223,S002,C095,P026,4,30000,2026-08-05 08:20:07
T004224,S004,C064,P027,3,18000,2026-08-05 13:07:00
T004225,S005,C066,P022,3,18000,2026-08-05 18:31:05
T004226,S999,C057,P003,4,15000,2026-08-05 11:04:08
T004227,S005,C050,P025,3,210000,2026-08-05 18:33:03
T004228,S004,C052,P018,3,25000,2026-08-05 17:45:52
T004229,S003,C027,P020,2,180000,2026-08-05 11:06:52
T004230,S001,C021,P006,3,280000,2026-08-05 16:59:11
T004231,S002,C076,P019,4,55000,2026-08-05 15:32:40
T004232,S001,C066,P023,3,22000,2026-08-05 13:37:48
T004233,S005,C091,P015,2,30000,2026-08-05 12:39:07
T004234,S005,C034,P024,2,40000,2026-08-05 16:58:13
T004235,S002,C038,P010,3,8000,2026-08-05 16:43:25
T004236,S003,C071,P023,1,22000,2026-08-05 16:19:34
T004237,S002,C029,P004,3,25000,2026-08-05 18:58:50
T004238,S005,C031,P002,2,520000,2026-08-05 13:15:49
T004239,S001,C082,P010,1,8000,2026-08-05 16:52:34
T004240,S003,C018,P005,3,120000,2026-08-05 17:29:14
T004241,S001,C083,P009,1,45000,2026-08-05 10:19:39
T004242,S002,C069,P008,4,390000,2026-08-05 08:27:45
T004243,S001,C084,P004,3,25000,2026-08-05 12:27:08
T004244,S005,C048,P012,4,12000,2026-08-05 17:25:26
T004245,S001,C091,P011,4,75000,2026-08-05 11:10:48
T004246,S005,C034,P029,3,32000,2026-08-05 15:42:00
T004247,S002,C053,P024,4,40000,2026-08-05 08:04:50
T004248,S005,C038,P029,4,32000,2026-08-05 11:54:32
T004249,S001,C081,P011,1,75000,2026-08-05 14:46:14
T004250,S001,C046,P027,4,18000,2026-08-05 09:25:38
T004251,S003,C023,P008,1,390000,2026-08-05 17:51:45
T004252,S001,C069,P009,4,45000,2026-08-05 09:43:08
T004253,S005,C014,P022,4,18000,2026-08-05 18:00:27
T004254,S004,C084,P024,4,40000,2026-08-05 10:22:49
T004255,S005,C071,P009,3,45000,2026-08-05 18:56:13
T004256,S004,C029,P007,4,165000,2026-08-05 14:39:08
T004257,S003,C027,P011,1,75000,2026-08-05 08:55:40
T004258,S004,C020,P019,2,55000,2026-08-05 08:43:04
T004259,S002,C094,P015,1,30000,2026-08-05 08:49:26
T004260,S004,C048,P024,4,40000,2026-08-05 14:29:19
T004261,S004,C012,P005,3,120000,2026-08-05 16:54:19
T004262,S002,C059,P016,2,95000,2026-08-05 12:25:57
T004263,S002,C025,P006,1,280000,2026-08-05 12:53:35
T004264,S004,C094,P019,1,55000,2026-08-05 14:28:55
T004265,S003,C003,P006,4,280000,2026-08-05 13:51:48
T004266,S002,C023,P010,2,8000,2026-08-05 15:34:07
T004267,S004,C088,P027,4,18000,2026-08-05 13:11:22
T004268,S002,C009,P020,2,180000,2026-08-05 15:51:08
T004269,S001,C055,P005,1,120000,2026-08-05 18:58:13
T004270,S004,C083,P008,2,390000,2026-08-05 11:51:11
T004271,S001,C093,P013,3,35000,2026-08-05 08:08:03
T004272,S002,C094,P017,1,85000,2026-08-05 09:22:54
T004273,S001,C078,P025,2,210000,2026-08-05 14:05:19
T004274,S004,C050,P004,1,25000,2026-08-05 11:47:12
T004275,S001,C002,P001,4,450000,2026-08-05 18:20:23
T004276,S001,C017,P025,1,210000,2026-08-05 14:54:06
T004277,S001,C035,P008,1,390000,2026-08-05 13:43:26
T004278,S005,C002,P005,4,120000,2026-08-05 16:46:42
T004279,S001,C014,P026,1,30000,2026-08-05 10:50:40
T004280,S003,C091,P018,4,25000,2026-08-05 17:01:01
T004281,S002,C018,P003,2,15000,2026-08-05 08:02:01
T004282,S005,C057,P016,2,95000,2026-08-05 14:48:59
T004283,S002,C040,P027,2,18000,2026-08-05 18:16:56
T004284,S004,C020,P011,4,75000,2026-08-05 16:39:59
T004285,S001,C070,P008,1,390000,2026-08-05 17:23:23
T004286,S003,C081,P023,4,22000,2026-08-05 12:21:59
T004287,S001,C003,P018,3,25000,2026-08-05 17:03:59
T004288,S001,C014,P027,4,18000,2026-08-05 14:03:32
T004289,S003,C014,P018,1,25000,2026-08-05 14:48:14
T004290,S004,C019,P017,3,85000,2026-08-05 08:38:53
T004291,S002,C004,P001,4,450000,2026-08-05 10:13:01
T004292,S004,C050,P008,4,390000,2026-08-05 14:03:38
T004293,S003,C084,P005,2,120000,2026-08-05 08:38:48
T004294,S002,C088,P010,1,8000,2026-08-05 16:09:21
T004295,S001,C063,P013,2,35000,2026-08-05 17:14:26
T004296,S001,C029,P006,1,280000,2026-08-05 18:07:26
T004297,S003,C046,P004,4,25000,2026-08-05 09:07:10
T004298,S005,C043,P003,3,15000,2026-08-05 18:20:12
T004299,S003,C011,P004,2,25000,2026-08-05 08:44:37
T004300,S001,C078,P029,4,32000,2026-08-05 13:12:52
T004301,S002,C055,P005,1,120000,2026-08-05 17:14:33
T004302,S003,C077,P017,3,85000,2026-08-05 08:46:24
T004303,S004,C020,P006,2,280000,2026-08-05 08:12:01
T004304,S003,C080,P029,4,32000,2026-08-05 08:16:27
T004305,S003,C045,P027,4,18000,2026-08-05 13:37:26
T004306,S001,C035,P029,3,32000,2026-08-05 16:55:39
T004307,S004,C085,P030,4,50000,2026-08-05 09:24:06
T004308,S003,C092,P012,1,12000,2026-08-05 09:22:14
T004309,S001,C001,P026,3,30000,2026-08-05 14:15:14
T004310,S002,C100,P028,1,28000,2026-08-05 10:34:38
T004311,S002,C041,P021,3,10000,2026-08-05 16:01:56
T004312,S004,C058,P005,2,120000,2026-08-05 18:26:45
T004313,S004,C009,P024,4,40000,2026-08-05 16:25:34
T004314,S005,C055,P004,2,25000,2026-08-05 17:38:56
T004315,S003,C019,P024,3,40000,2026-08-05 13:42:55
T004316,S003,C017,P003,2,15000,2026-08-05 17:09:19
T004317,S004,C046,P006,3,280000,2026-08-05 10:00:42
T004318,S004,C055,P011,4,75000,2026-08-05 08:45:06
T004319,S004,C078,P016,3,95000,2026-08-05 15:12:55
T004320,S003,C018,P026,3,30000,2026-08-05 08:34:17
T004321,S002,C050,P026,2,30000,2026-08-05 17:49:02
T004322,S005,C064,P014,1,7000,2026-08-05 15:36:25
T004323,S005,C064,P018,4,25000,2026-08-05 18:28:27
T004324,S005,C030,P018,3,25000,2026-08-05 11:27:09
T004325,S001,C075,P013,3,35000,2026-08-05 13:20:51
T004326,S004,C068,P023,3,22000,2026-08-05 16:09:30
T004327,S002,C090,P019,3,55000,2026-08-05 10:40:14
T004328,S002,C047,P003,4,15000,2026-08-05 13:57:37
T004329,S002,C003,P001,4,450000,2026-08-05 15:15:14
T004330,S005,C061,P012,4,12000,2026-08-05 18:46:00
T004331,S001,C008,P005,4,120000,2026-08-05 16:11:30
T004332,S003,C047,P030,3,50000,2026-08-05 09:17:57
T004333,S002,C038,P028,2,28000,2026-08-05 13:13:43
T004334,S002,C071,P015,4,30000,2026-08-05 14:28:35
T004335,S004,C032,P030,2,50000,2026-08-05 09:36:46
T004336,S002,C008,P007,3,165000,2026-08-05 12:45:05
T004337,S002,C016,P024,1,40000,2026-08-05 11:07:26
T004338,S002,C049,P023,4,22000,2026-08-05 09:18:25
T004339,S001,C090,P024,2,40000,2026-08-05 13:37:56
T004340,S003,C007,P014,1,7000,2026-08-05 09:49:19
T004341,S001,C085,P023,4,22000,2026-08-05 14:29:45
T004342,S001,C062,P019,1,55000,2026-08-05 09:51:59
T004343,S005,C021,P027,2,18000,2026-08-05 15:57:34
T004344,S002,C047,P001,3,450000,2026-08-05 10:08:51
T004345,S001,C032,P005,3,120000,2026-08-05 17:51:32
T004346,S001,C073,P003,1,15000,2026-08-05 08:17:17
T004347,S004,C020,P027,4,18000,2026-08-05 13:44:31
T004348,S002,C061,P025,4,210000,2026-08-05 11:31:16
T004349,S002,C096,P024,2,40000,2026-08-05 10:28:33
T004350,S003,C061,P017,1,85000,2026-08-05 13:11:15
T004351,S003,C057,P014,1,7000,2026-08-05 17:15:43
T004352,S001,C037,P026,3,30000,2026-08-05 18:04:04
T004353,S002,C008,P004,3,25000,2026-08-05 11:20:08
T004354,S001,C078,P029,3,32000,2026-08-05 09:41:48
T004355,S002,C065,P025,4,210000,2026-08-05 15:55:17
T004356,S001,C051,P006,1,280000,2026-08-05 14:24:07
T004357,S004,C088,P027,3,18000,2026-08-05 10:12:40
T004358,S004,C071,P029,1,32000,2026-08-05 16:21:47
T004359,S003,C074,P023,2,22000,2026-08-05 13:42:29
T004360,S003,C091,P017,1,85000,2026-08-05 15:11:14
T004361,S004,C021,P008,1,390000,2026-08-05 11:57:09
T004362,S001,C067,P009,3,45000,2026-08-05 12:49:48
T004363,S002,C096,P013,3,35000,2026-08-05 09:59:01
T004364,S004,C080,P007,2,165000,2026-08-05 16:19:18
T004365,S002,C051,P002,2,520000,2026-08-05 09:43:37
T004366,S005,C078,P006,4,280000,2026-08-05 16:33:40
T004367,S001,C089,P027,3,18000,2026-08-05 16:46:41
T004368,S004,C041,P015,4,30000,2026-08-05 16:12:45
T004369,S004,C049,P021,3,10000,2026-08-05 08:12:49
T004370,S001,C048,P006,3,280000,2026-08-05 11:00:16
T004371,S999,C025,P021,4,10000,2026-08-05 13:09:06
T004372,S001,C014,P009,4,45000,2026-08-05 14:33:03
T004373,S003,C078,P003,3,15000,2026-08-05 18:06:41
T004374,S003,C004,P025,2,210000,2026-08-05 12:07:53
T004375,S003,C021,P008,2,390000,2026-08-05 17:37:30
T004376,S001,C009,P018,4,25000,2026-08-05 09:47:51
T004377,S005,C002,P007,2,165000,2026-08-05 12:05:02
T004378,S003,C025,P025,3,210000,2026-08-05 08:34:30
T004379,S002,C082,P018,3,25000,2026-08-05 16:10:02
T004380,S001,C031,P030,1,50000,2026-08-05 09:39:25
T004381,S001,C073,P009,3,45000,2026-08-05 10:49:37
T004382,S001,C073,P019,4,55000,2026-08-05 16:31:39
T004383,S004,C006,P026,4,30000,2026-08-05 13:52:54
T004384,S003,C012,P002,4,520000,2026-08-05 08:09:13
T004385,S001,C046,P010,2,8000,2026-08-05 08:01:28
T004386,S003,C051,P025,3,210000,2026-08-05 13:37:02
T004387,S002,C041,P017,2,85000,2026-08-05 11:21:16
T004388,S004,C093,P025,3,210000,2026-08-05 09:59:00
T004389,S002,C090,P012,3,12000,2026-08-05 14:44:58
T004390,S001,C043,P022,1,18000,2026-08-05 10:30:46
T004391,S005,C013,P014,2,7000,2026-08-05 14:30:51
T004392,S002,C004,P017,2,85000,2026-08-05 12:10:18
T004393,S004,C062,P019,3,55000,2026-08-05 10:03:15
T004394,S001,C038,P019,3,55000,2026-08-05 09:31:08
T004395,S002,C088,P006,1,280000,2026-08-05 10:36:19
T004396,S001,C081,P015,2,30000,2026-08-05 08:19:41
T004397,S002,C028,P003,4,15000,2026-08-05 11:23:21
T004398,S002,C099,P026,4,30000,2026-08-05 17:55:17
T004399,S002,C065,P023,4,22000,2026-08-05 17:08:41
T004400,S005,C084,P017,1,85000,2026-08-05 12:05:31
T004401,S003,C058,P017,3,85000,2026-08-05 14:20:03
T004402,S002,C044,P026,1,30000,2026-08-05 14:14:27
T004403,S003,C080,P010,4,8000,2026-08-05 17:06:58
T004404,S004,C006,P028,2,28000,2026-08-05 10:35:57
T004405,S004,C031,P029,2,32000,2026-08-05 11:15:36
T004406,S005,C078,P007,2,165000,2026-08-05 11:19:10
T004407,S002,C073,P003,2,15000,2026-08-05 08:26:58
T004408,S004,C013,P021,2,10000,2026-08-05 11:27:41
T004409,S001,C019,P026,1,30000,2026-08-05 17:39:25
T004410,S003,C071,P025,3,210000,2026-08-05 18:01:54
T004411,S001,C064,P028,3,28000,2026-08-05 09:12:21
T004412,S004,C041,P004,4,25000,2026-08-05 13:02:19
T004413,S003,C021,P006,3,280000,2026-08-05 12:11:41
T004414,S003,C074,P003,2,15000,2026-08-05 13:22:58
T004415,S003,C012,P012,2,12000,2026-08-05 14:06:06
T004416,S002,C091,P003,3,15000,2026-08-05 08:13:22
T004417,S004,C034,P025,1,210000,2026-08-05 17:15:52
T004418,S003,C098,P016,3,95000,2026-08-05 18:42:37
T004419,S004,C084,P029,3,32000,2026-08-05 15:11:14
T004420,S002,C016,P030,4,50000,2026-08-05 15:15:53
T004421,S004,C006,P019,2,55000,2026-08-05 13:48:28
T004422,S003,C052,P012,1,12000,2026-08-05 11:40:37
T004423,S005,C088,P014,3,7000,2026-08-05 09:38:19
T004424,S004,C047,P005,3,120000,2026-08-05 14:25:28
T004425,S999,C041,P017,2,85000,2026-08-05 08:29:39
T004426,S001,C088,P012,3,12000,2026-08-05 17:04:10
T004427,S005,C058,P014,3,7000,2026-08-05 12:37:48
T004428,S001,C080,P009,3,45000,2026-08-05 12:33:44
T004429,S001,C095,P021,2,10000,2026-08-05 11:35:55
T004430,S002,C090,P026,1,30000,2026-08-05 18:39:46
T004431,S005,C002,P027,3,18000,2026-08-05 09:55:26
T004432,S001,C038,P005,4,120000,2026-08-05 09:39:51
T004433,S002,C073,P013,3,35000,2026-08-05 09:49:15
T004434,S001,C029,P013,2,35000,2026-08-05 15:14:37
T004435,S004,C086,P013,4,35000,2026-08-05 18:54:39
T004436,S003,C060,P003,4,15000,2026-08-05 10:35:24
T004437,S005,C060,P015,1,30000,2026-08-05 17:57:42
T004438,S001,C024,P004,4,25000,2026-08-05 11:03:53
T004439,S001,C051,P024,1,40000,2026-08-05 15:07:36
T004440,S004,C026,P025,1,210000,2026-08-05 08:26:43
T004441,S003,C009,P013,4,35000,2026-08-05 13:27:07
T004442,S003,C078,P011,1,75000,2026-08-05 15:12:00
T004443,S002,C090,P016,2,95000,2026-08-05 13:53:58
T004444,S004,C015,P024,4,40000,2026-08-05 10:36:58
T004445,S004,C005,P009,3,45000,2026-08-05 17:06:48
T004446,S002,C061,P018,2,25000,2026-08-05 18:40:17
T004447,S002,C041,P005,2,120000,2026-08-05 13:03:04
T004448,S001,C077,P019,4,55000,2026-08-05 14:59:42
T004449,S004,C008,P025,4,210000,2026-08-05 16:41:40
T004450,S003,C056,P030,3,50000,2026-08-05 10:39:22
T004451,S002,C007,P016,2,95000,2026-08-05 17:30:32
T004452,S001,C098,P007,3,165000,2026-08-05 11:04:55
T004453,S004,C035,P022,2,18000,2026-08-05 16:32:02
T004454,S002,C011,P009,1,45000,2026-08-05 09:13:59
T004455,S001,C036,P005,4,120000,2026-08-05 11:10:20
T004456,S001,C039,P013,4,35000,2026-08-05 13:52:11
T004457,S004,C054,P028,4,28000,2026-08-05 13:46:26
T004458,S002,C086,P017,4,85000,2026-08-05 17:21:17
T004459,S003,C024,P029,1,32000,2026-08-05 18:57:26
T004460,S001,C012,P027,3,18000,2026-08-05 09:10:45
T004461,S004,C044,P029,1,32000,2026-08-05 10:59:06
T004462,S003,C022,P025,1,210000,2026-08-05 11:56:00
T004463,S003,C054,P007,4,165000,2026-08-05 13:16:05
T004464,S004,C069,P016,1,95000,2026-08-05 13:25:58
T004465,S002,C090,P023,1,22000,2026-08-05 17:25:05
T004466,S003,C089,P014,1,7000,2026-08-05 16:28:34
T004467,S004,C002,P019,2,55000,2026-08-05 08:12:26
T004468,S005,C026,P018,3,25000,2026-08-05 13:00:18
T004469,S005,C079,P003,4,15000,2026-08-05 14:47:55
T004470,S003,C086,P005,4,120000,2026-08-05 13:03:51
T004471,S003,C002,P027,1,18000,2026-08-05 09:26:13
T004472,S004,C019,P005,2,120000,2026-08-05 12:22:19
T004473,S003,C015,P016,4,95000,2026-08-05 12:31:41
T004474,S004,C034,P026,4,30000,2026-08-05 10:03:53
T004475,S001,C058,P017,2,85000,2026-08-05 16:19:09
T004476,S002,C082,P027,1,18000,2026-08-05 11:32:07
T004477,S005,C013,P015,4,30000,2026-08-05 14:28:43
T004478,S002,C096,P002,4,520000,2026-08-05 13:40:22
T004479,S004,C090,P007,4,165000,2026-08-05 17:39:06
T004480,S002,C077,P018,4,25000,2026-08-05 09:20:31
T004481,S002,C045,P013,3,35000,2026-08-05 09:15:24
T004482,S002,C087,P007,1,165000,2026-08-05 11:18:12
T004483,S001,C048,P019,3,55000,2026-08-05 12:44:36
T004484,S003,C003,P027,4,18000,2026-08-05 11:17:02
T004485,S003,C065,P010,3,8000,2026-08-05 16:23:42
T004486,S001,C090,P027,4,18000,2026-08-05 10:41:52
T004487,S004,C053,P016,3,95000,2026-08-05 08:55:57
T004488,S003,C046,P014,3,7000,2026-08-05 12:33:06
T004489,S005,C055,P027,4,18000,2026-08-05 16:30:25
T004490,S003,C015,P017,4,85000,2026-08-05 17:21:22
T004491,S002,C059,P999,2,50000,2026-08-05 16:04:00
T004492,S003,C023,P014,1,7000,2026-08-05 14:08:12
T004493,S005,C021,P018,1,25000,2026-08-05 15:57:57
T004494,S004,C049,P018,4,25000,2026-08-05 15:29:43
T004495,S004,C082,P010,4,8000,2026-08-05 10:34:40
T004496,S005,C013,P010,4,8000,2026-08-05 14:03:30
T004497,S001,C012,P003,3,15000,2026-08-05 16:28:36
T004498,S001,C079,P021,3,10000,2026-08-05 11:29:17
T004499,S004,C014,P030,3,50000,2026-08-05 15:11:37
T004500,S005,C070,P016,4,95000,2026-08-05 13:17:46
